(index),Program Title,Program Type,Target
,,,
0,'Reducing Perseverative Statements - Tolerates being ignored','Skill | Trial By Trial','Tolerates being ignored'
1,'Perseverative Statements','Behavior | Frequency','No targets found'
2,'Follows Instructions to go to and Remains in Protest Area','Skill | Trial By Trial','Follows instruction in 60-sec'
3,'Follows Instructions to go to and Remains in Protest Area','Skill | Trial By Trial','Remains in area for entire duration'
4,'Belly Rubbing/Whining','Behavior | Interval','No targets found'
5,"'Tolerating Language ""Uh-Ohs""'",'Skill | Trial By Trial','Tolerates Staff Request'
6,"'Tolerating Language ""Uh-Ohs""'",'Skill | Trial By Trial','Uses His Device'
7,"'Tolerating Language ""Uh-Ohs""'",'Skill | Trial By Trial','Uses Full Sentence'
8,"'Tolerating Language ""Uh-Ohs""'",'Skill | Trial By Trial','Full Sentence on Device'
9,'Requesting With AAC Device','Behavior | Rate','No targets found'
10,'Following Multi-Step Instructions','Skill | Trial By Trial','2 Step Instructions'
11,'Following Multi-Step Instructions','Skill | Trial By Trial','Novel Directions w/ 1 Preposition Per Instruction'
12,'Following Multi-Step Instructions','Skill | Trial By Trial','3 Step Instructions'
13,'Following Multi-Step Instructions','Skill | Trial By Trial','4 Step Instructions'
14,'Following Multi-Step Instructions','Skill | Trial By Trial','5 Step Instructions'
15,"'Tolerance to Unexpected Events (""Uh-ohs"")'",'Skill | Trial By Trial','Music Goes Out In Car'
16,"'Tolerance to Unexpected Events (""Uh-ohs"")'",'Skill | Trial By Trial','TV Glitches'
17,"'Tolerance to Unexpected Events (""Uh-ohs"")'",'Skill | Trial By Trial','Told No'
18,"'Tolerance to Unexpected Events (""Uh-ohs"")'",'Skill | Trial By Trial','Phone Glitches'
19,"'Tolerance to Unexpected Events (""Uh-ohs"")'",'Skill | Trial By Trial','WIFI Goes Out'
20,"'Tolerance to Unexpected Events (""Uh-ohs"")'",'Skill | Trial By Trial','iPad Glitches'
21,"'Tolerance to Unexpected Events (""Uh-ohs"")'",'Skill | Trial By Trial','Tolerates Unexpected Event'
22,"'Tolerance to Unexpected Events (""Uh-ohs"")'",'Skill | Trial By Trial',"'Tolerates environmental change (e.g., loud noises, baby crying, maladaptive bx of other people)'"
23,"'Tolerance to Unexpected Events (""Uh-ohs"")'",'Skill | Trial By Trial','Tolerates an additional person in the home'
24,"'Tolerance to Unexpected Events (""Uh-ohs"")'",'Skill | Trial By Trial',"'""Mix it up"" - Staff choice'"
25,"'Tolerance to Unexpected Events (""Uh-ohs"")'",'Skill | Trial By Trial',"'""Not yet""'"
26,"'Tolerance to Unexpected Events (""Uh-ohs"")'",'Skill | Trial By Trial','Power Goes Out'
27,"'Tolerance to Unexpected Events (""Uh-ohs"")'",'Skill | Trial By Trial',"'""No""'"
28,"'Tolerance to Unexpected Events (""Uh-ohs"")'",'Skill | Trial By Trial','Tolerates Bumps'
29,'Mad Libs','Skill | Task Analysis','No targets found'
30,'Tolerating Being Alone','Skill | Trial By Trial','Home Setting - 5 Mins'
31,'Tolerating Being Alone','Skill | Trial By Trial','Community Setting - 5 Mins'
32,'Tolerating Being Alone','Skill | Trial By Trial','Home Setting - 10 Mins'
33,'Tolerating Being Alone','Skill | Trial By Trial','Staff Transition - 5 mins'
34,'Low Stakes Waiting','Behavior | Interval','No targets found'
35,'Tolerating Other Peoples Conversations (In-Person)','Behavior | Interval','No targets found'
36,'Completing Activity Bins','Skill | Task Analysis','No targets found'
37,'Repeat After Me - Auditory Memory','Skill | Trial By Trial','Repeats Phrase'
38,'Repeat After Me - Auditory Memory','Skill | Trial By Trial','Repeats Using AAC Device'
39,'Engaging in Coping Strategies','Skill | Trial By Trial','Squeeze All 10 Finger Tips'
40,'Engaging in Coping Strategies','Skill | Trial By Trial','Squeeze Stress Ball 10 Times'
41,'Engaging in Coping Strategies','Skill | Trial By Trial','Count To Ten'
42,'Engaging in Coping Strategies','Skill | Trial By Trial','Ten Shoulder Taps'
43,'Engaging in Coping Strategies','Skill | Trial By Trial','SELECTS Squeezing Fingers'
44,'Engaging in Coping Strategies','Skill | Trial By Trial','SELECTS Shoulder Taps'
45,'Engaging in Coping Strategies','Skill | Trial By Trial','SELCTS Stress Ball'
46,'Engaging in Coping Strategies','Skill | Trial By Trial','Engages in strategies INDLY'
47,'Engaging in Coping Strategies','Skill | Trial By Trial','Tolerates headphones 1-min'
48,'Tolerating Other Peoples Conversations (Phone)','Behavior | Interval','No targets found'
49,'Self-Monitoring with Tokens','Skill | Trial By Trial','Delivers Token'
50,'Self-Monitoring with Tokens','Skill | Trial By Trial','Resets Timer'
51,'Self-Monitoring with Tokens','Skill | Trial By Trial','3 Tokens - delivers'
52,'Self-Monitoring with Tokens','Skill | Trial By Trial','3 tokens - reset timer'
53,'Protesting - Duration','Behavior | Duration','No targets found'
54,'Labeling Current Emotions','Skill | Trial By Trial','Labels Emotion Independently'
55,'Labeling Current Emotions','Skill | Trial By Trial','Labels Emotion Prompted'
56,'Protesting - Frequency','Behavior | Frequency','No targets found'
57,'Identifying Clean or Dirty','Skill | Trial By Trial','Clean (2d Stimuli)'
58,'Identifying Clean or Dirty','Skill | Trial By Trial','Dirty (2d Stimuli)'
59,'Identifying Clean or Dirty','Skill | Trial By Trial','Clean - Real Life Incidental'
60,'Identifying Clean or Dirty','Skill | Trial By Trial','Dirty - Real Life Incidental'
61,'Identifying Clean or Dirty','Skill | Trial By Trial','Clean / Dirty - Boom Cards'
62,'Tolerating Staff Transitions','Behavior | Interval','No targets found'
63,'Prepositions - Labeling and Incidental','Skill | Trial By Trial','Places Object In Front'
64,'Prepositions - Labeling and Incidental','Skill | Trial By Trial','Places Object On Top'
65,'Prepositions - Labeling and Incidental','Skill | Trial By Trial','Places Object Under'
66,'Prepositions - Labeling and Incidental','Skill | Trial By Trial','Places Object In'
67,'Prepositions - Labeling and Incidental','Skill | Trial By Trial','Places Object Behind'
68,'Prepositions - Labeling and Incidental','Skill | Trial By Trial','Labels in front'
69,'Prepositions - Labeling and Incidental','Skill | Trial By Trial','Labels on top'
70,'Prepositions - Labeling and Incidental','Skill | Trial By Trial','Labels under'
71,'Prepositions - Labeling and Incidental','Skill | Trial By Trial','Labels in'
72,'Prepositions - Labeling and Incidental','Skill | Trial By Trial','Labels behind'
73,'Prepositions - Labeling and Incidental','Skill | Trial By Trial','Places object next to'
74,'Prepositions - Labeling and Incidental','Skill | Trial By Trial','Labels next to'
75,'Reciprocal Statements','Skill | Trial By Trial','I see a (Discrimination Trials)'
76,'Reciprocal Statements','Skill | Trial By Trial','I have a (Discrimination Trials)'
77,'Reciprocal Statements','Skill | Trial By Trial','I see a (With Prompts)'
78,'Reciprocal Statements','Skill | Trial By Trial','I have a (With Prompts)'
79,'Reciprocal Statements','Skill | Trial By Trial','I see a (tangible trials)'
80,'Reciprocal Statements','Skill | Trial By Trial','I have a (tangible trials)'
81,'Completing a Workout at Home W/o Maladaptive Bx','Behavior | Interval','No targets found'
82,'Automaticity in Responding with AAC device','Skill | Trial By Trial',"""I'm all done"""
83,'Automaticity in Responding with AAC device','Skill | Trial By Trial',"""I'm tired"""
84,'Automaticity in Responding with AAC device','Skill | Trial By Trial',"""I'm thirsty"""
85,'Automaticity in Responding with AAC device','Skill | Trial By Trial',"""I'm hungry"""
86,'Automaticity in Responding with AAC device','Skill | Trial By Trial','I want to stay home'
87,'Automaticity in Responding with AAC device','Skill | Trial By Trial',"""I'm upset"""
88,'Automaticity in Responding with AAC device','Skill | Trial By Trial',"""I'm mad"""
89,'Automaticity in Responding with AAC device','Skill | Trial By Trial','I want to take a walk'
90,'Automaticity in Responding with AAC device','Skill | Trial By Trial','Pan'
91,'Automaticity in Responding with AAC device','Skill | Trial By Trial','Something is hurting me'
92,'Automaticity in Responding with AAC device','Skill | Trial By Trial','Oven'
93,'Automaticity in Responding with AAC device','Skill | Trial By Trial','Please leave'
94,'Automaticity in Responding with AAC device','Skill | Trial By Trial',"""What's my name?"""
95,'Automaticity in Responding with AAC device','Skill | Trial By Trial','I need help'
96,'Automaticity in Responding with AAC device','Skill | Trial By Trial',"""I'm frustrated"""
97,'Automaticity in Responding with AAC device','Skill | Trial By Trial',"""I'm calmed down"""
98,'Automaticity in Responding with AAC device','Skill | Trial By Trial','I want to lay down'
99,'Automaticity in Responding with AAC device','Skill | Trial By Trial','I want to earn Wildberry Skittles'
100,'Automaticity in Responding with AAC device','Skill | Trial By Trial','My head hurts (boo-boo head)'
101,'Automaticity in Responding with AAC device','Skill | Trial By Trial',"""I'm ready to heat up my lunch"""
102,'Automaticity in Responding with AAC device','Skill | Trial By Trial','I want to fill my water bottle'
103,'Automaticity in Responding with AAC device','Skill | Trial By Trial','I need to use the bathroom'
104,'Automaticity in Responding with AAC device','Skill | Trial By Trial','I want to go for a walk'
105,'Automaticity in Responding with AAC device','Skill | Trial By Trial',"""Let's do programs"""
106,'Automaticity in Responding with AAC device','Skill | Trial By Trial',"""It's too loud here"""
107,'Automaticity in Responding with AAC device','Skill | Trial By Trial','Can we go for a walk now?'
108,'Automaticity in Responding with AAC device','Skill | Trial By Trial','I want to put headphones on'
109,'Automaticity in Responding with AAC device','Skill | Trial By Trial','I want to turn the light off'
110,'Tacting/Sorting Waiting vs. Not waiting','Skill | Trial By Trial','Sorts waiting'
111,'Tacting/Sorting Waiting vs. Not waiting','Skill | Trial By Trial','Sorts not waiting'
112,'Tacting/Sorting Waiting vs. Not waiting','Skill | Trial By Trial','Tacts waiting'
113,'Tacting/Sorting Waiting vs. Not waiting','Skill | Trial By Trial','Tacts not waiting'
114,'Tacting/Sorting Waiting vs. Not waiting','Skill | Trial By Trial',"'Tacts ""Waiting"" on device'"
115,'Tacting/Sorting Waiting vs. Not waiting','Skill | Trial By Trial',"'Tacts ""Not waiting"" on device'"
116,'Tacting/Sorting Safe vs. Unsafe Behaviors','Skill | Trial By Trial','Sorts Unsafe'
117,'Tacting/Sorting Safe vs. Unsafe Behaviors','Skill | Trial By Trial','Sorts Safe'
118,'Tacting/Sorting Safe vs. Unsafe Behaviors','Skill | Trial By Trial','Tacts safe bx - 2D'
119,'Tacting/Sorting Safe vs. Unsafe Behaviors','Skill | Trial By Trial','Tacts unsafe bx - 2D'
120,'Tacting/Sorting Safe vs. Unsafe Behaviors','Skill | Trial By Trial','Matches Safe'
121,'Tacting/Sorting Safe vs. Unsafe Behaviors','Skill | Trial By Trial','Matches Unsafe'
122,'Tacting/Sorting Safe vs. Unsafe Behaviors','Skill | Trial By Trial','Tacts safe bx - video'
123,'Tacting/Sorting Safe vs. Unsafe Behaviors','Skill | Trial By Trial','Tacts unsafe bx - video'
124,'Tacting/Sorting Safe vs. Unsafe Behaviors','Skill | Trial By Trial','Safe / Not Safe - Boom Cards'
125,'Tacting/Sorting Safe vs. Unsafe Behaviors','Skill | Trial By Trial',"'Tacts ""Safe"" on device'"
126,'Tacting/Sorting Safe vs. Unsafe Behaviors','Skill | Trial By Trial','Not safe - Boom'
127,'Tacting/Sorting Safe vs. Unsafe Behaviors','Skill | Trial By Trial','Tacts Safe - in situ'
128,'Tacting/Sorting Safe vs. Unsafe Behaviors','Skill | Trial By Trial','Tact Unsafe - in situ'
129,'Tacting/Sorting Safe vs. Unsafe Behaviors','Skill | Trial By Trial',"'Tacts ""Unsafe"" on device'"
130,'Sitting quietly with safe hands','Behavior | Interval','No targets found'
131,'Tacting empty and full','Skill | Trial By Trial','Tact Empty/Full'
132,'Tacting empty and full','Skill | Trial By Trial','Full'
133,'Tacting empty and full','Skill | Trial By Trial','Empty'
134,'Tacting empty and full','Skill | Trial By Trial','Full / Empty - Boom Cards'
135,'Empty/Full Program - Copy','Skill | Trial By Trial','Fills Cup'
136,'Cooldown Protocols (Frequency)','Behavior | Frequency','No targets found'
137,'Answering The Door','Skill | Trial By Trial','Independently Greets'
138,'Answering The Door','Skill | Trial By Trial','Invites Person Inside Independently'
139,'Cool Down Protocol (Duration)','Behavior | Duration','No targets found'
140,'Cool Down Protocol (Resets)','Behavior | Frequency','No targets found'
141,'Counting Objects-Incidental Teaching','Skill | Trial By Trial','1 Item'
142,'Counting Objects-Incidental Teaching','Skill | Trial By Trial','2 Items'
143,'Counting Objects-Incidental Teaching','Skill | Trial By Trial','3 Items'
144,'Counting Objects-Incidental Teaching','Skill | Trial By Trial','4 Items'
145,'Counting Objects-Incidental Teaching','Skill | Trial By Trial','5 Items'
146,'Counting Objects-Incidental Teaching','Skill | Trial By Trial','6 Items'
147,'Counting Objects-Incidental Teaching','Skill | Trial By Trial','7 Items'
148,'Counting Objects-Incidental Teaching','Skill | Trial By Trial','8 Items'
149,'Counting Objects-Incidental Teaching','Skill | Trial By Trial','9 Items'
150,'Counting Objects-Incidental Teaching','Skill | Trial By Trial','10 Items'
151,'Property Disruption (Frequency)','Behavior | Frequency','No targets found'
152,'SIB - Self Injurious Behavior','Behavior | Frequency','No targets found'
153,'Maintaining Personal Space','Skill | Trial By Trial','Maintains personal space standing (Prompted)'
154,'Maintaining Personal Space','Skill | Trial By Trial','Maintains personal space sitting (Prompted)'
155,'Pinching','Behavior | Frequency','No targets found'
